{"cameraMode":{"drawMode":0,"name":"Shaded","section":"Shading Mode"},"sceneLighting":false,"audioPlay":false,"sceneViewState":{"m_AlwaysRefresh":false,"showFog":true,"showSkybox":false,"showFlares":true,"showImageEffects":true,"showParticleSystems":true,"showVisualEffectGraphs":true,"m_FxEnabled":true},"in2DMode":false,"pivot":{"x":-1.0498886108398438,"y":2.3004207611083986,"z":0.2616095542907715},"rotation":{"x":0.12565909326076508,"y":0.01130729727447033,"z":-0.0014324621297419072,"w":0.9920095205307007},"size":2.8606598377227785,"orthographic":false}