{"cameraMode":{"drawMode":0,"name":"Shaded","section":"Shading Mode"},"sceneLighting":true,"audioPlay":false,"sceneViewState":{"m_AlwaysRefresh":false,"showFog":true,"showSkybox":true,"showFlares":true,"showImageEffects":true,"showParticleSystems":true,"showVisualEffectGraphs":true,"m_FxEnabled":true},"in2DMode":false,"pivot":{"x":10.52857494354248,"y":10.8471097946167,"z":-4.1788153648376469},"rotation":{"x":0.23037554323673249,"y":0.014307650737464428,"z":-0.003371921367943287,"w":0.9729515314102173},"size":10.788238525390625,"orthographic":false}